rfm_segment,customers,revenue,avg_recency_days
Champions,3015,1870408866.71,23.845439469320066
Potential Loyalists,4114,1718331862.17,62.36776859504132
Need Attention,5271,1245053831.08,122.82640865110984
At Risk,2052,993476077.22,179.9834307992203
Loyal Customers,2756,921978008.58,24.9644412191582
Lost,2698,524436163.75,345.3250555967383
