category,revenue,profit,profit_margin_pct
Electronics,4692227352.48,1625934342.31,34.65165304598122
Sports,1205754815.96,399285638.47,33.11499429111515
Home,1094794008.98,353426745.65,32.28248809831188
Fashion,710125831.0,234256257.35,32.9879927082951
Beauty,294214542.88,92345069.77,31.386983412191277
